{
    "cil": {
        "img_mean": [
            0.509629987745085,
            0.5205988956971458,
            0.5177599513207918
        ],
        "img_std": [
            0.21070724183488873,
            0.201979917650027,
            0.1975707809885112
        ],
        "mean_mask_area": 0.177976953125
    },
    "epfl": {
        "img_mean": [
            0.3342929740009161,
            0.33173468910878934,
            0.29726036663497735
        ],
        "img_std": [
            0.18086472904005996,
            0.17581956578691596,
            0.17715555982745668
        ],
        "mean_mask_area": 0.22136139380530975
    },
    "roadtracer": {
        "img_mean": [
            0.46217721074394846,
            0.487435586683738,
            0.49800042631099656
        ],
        "img_std": [
            0.19284127818002933,
            0.17951104270503318,
            0.17289747368981567
        ],
        "mean_mask_area": 0.10412274165996785
    },
    "deepglobe": {
        "img_mean": [
            0.42174377356202,
            0.3965421836167878,
            0.3062903581629038
        ],
        "img_std": [
            0.12813789837658623,
            0.10801908716123651,
            0.10023344828333282
        ],
        "mean_mask_area": 0.07451591867924529
    },
    "mit": {
        "img_mean": [
            0.3506829416438109,
            0.3555315428915783,
            0.315801570602026
        ],
        "img_std": [
            0.17397136313855474,
            0.16936762281480083,
            0.1732799729161337
        ],
        "mean_mask_area": 0.0711405035960833
    }
}